Workbook

Sheet Skills
A1: Codice_Skill | B1: Descrizione | C1: Produttivita_Default
A2: FL_PS_PA | B2: Assistenza clienti telefonica e chat | C2: 8
A3: BO_PS_PA | B3: Gestione back office e pratiche amministrative | C3: 2
A4: CMB | B4: Supporto tecnico avanzato | C4: 3
B5: Vendita e consulenza commerciale
B6: Amministrazione e contabilità

Sheet Turni
A1: ID_Turno | B1: Descrizione | C1: Ora_Inizio | D1: Ora_Fine | E1: Ore_Turno | F1: Ora_Inizio_Spezzato | G1: Ora_Fine_Spezzato | H1: Note
A2: T0 | B2: Riposo | E2: 0
A3: T1 | B3: =+C3&"-"&D3 -> 08:30-12:30 | C3: 08:30 | D3: 12:30 | E3: 4 | H3: Turno standard ufficio
A4: T2 | B4: =+C4&"-"&D4 -> 08:30-14:30 | C4: 08:30 | D4: 14:30 | E4: 6 | H4: Turno pomeridiano
A5: T3 | B5: =+C5&"-"&D5 -> 08:30-16:30 | C5: 08:30 | D5: 16:30 | E5: 8 | H5: Pausa pranzo 13:00-17:00
A6: T4 | B6: =+C6&"-"&D6 -> 08:45-12:45 | C6: 08:45 | D6: 12:45 | E6: 4 | H6: Attraversa mezzanotte
A7: T5 | B7: =+C7&"-"&D7 -> 08:45-14:45 | C7: 08:45 | D7: 14:45 | E7: 6 | H7: Turno ridotto weekend
A8: T6 | B8: =+C8&"-"&D8 -> 09:00-13:00 | C8: 09:00 | D8: 13:00 | E8: 4
A9: T7 | B9: =+C9&"-"&D9 -> 09:00-15:00 | C9: 09:00 | D9: 15:00 | E9: 6
A10: T8 | B10: =+C10&"-"&D10 -> 09:00-17:00 | C10: 09:00 | D10: 17:00 | E10: 8
A11: T9 | B11: =+C11&"-"&D11 -> 09:15-13:15 | C11: 09:15 | D11: 13:15 | E11: 4
A12: T10 | B12: =+C12&"-"&D12 -> 09:15-15:15 | C12: 09:15 | D12: 15:15 | E12: 6
A13: T11 | B13: =+C13&"-"&D13 -> 09:30-13:30 | C13: 09:30 | D13: 13:30 | E13: 4
A14: T12 | B14: =+C14&"-"&D14 -> 09:30-15:30 | C14: 09:30 | D14: 15:30 | E14: 6
A15: T13 | B15: =+C15&"-"&D15 -> 09:30-17:30 | C15: 09:30 | D15: 17:30 | E15: 8
A16: T14 | B16: =+C16&"-"&D16 -> 09:45-13:45 | C16: 09:45 | D16: 13:45 | E16: 4
A17: T15 | B17: =+C17&"-"&D17 -> 09:45-15:45 | C17: 09:45 | D17: 15:45 | E17: 6
A18: T16 | B18: =+C18&"-"&D18 -> 10:00-14:00 | C18: 10:00 | D18: 14:00 | E18: 4
A19: T17 | B19: =+C19&"-"&D19 -> 10:00-16:00 | C19: 10:00 | D19: 16:00 | E19: 6
... A102: T100 | B102: =+C102&"-"&D102 -> 11:45-19:45 | C102: 11:45 | D102: 19:45 | E102: 8

Sheet Operatori
A1: Nome | B1: Cognome | C1: ID_SAP | D1: Data_Riferimento | E1: Tipo_Contratto | F1: FTE | G1: Ore_Settimana | H1: ID_Turno | I1: Ora_Inizio_Turno | J1: Ora_Fine_Turno | K1: Ora_Inizio_Turno_Spezzato | L1: Ora_Fine_Turno_Spezzato | M1: Inizio_Strao_1 | N1: Fine_Strao_1 | O1: Inizio_Strao_2 | P1: Fine_Strao_2 | Q1: Inizio_Strao_3 | R1: Fine_Strao_3 | S1: Inizio_Pausa_1 | T1: Fine_Pausa_1 | U1: Inizio_Pausa_2 | V1: Fine_Pausa_2 | W1: Inizio_Pausa_3 | X1: Fine_Pausa_3 | Y1: Inizio_Pausa_4 | Z1: Fine_Pausa_4 | AA1: Inizio_Pausa_5 | AB1: Fine_Pausa_5 | AC1: Tipo_Giust_1 | AD1: Inizio_Giust_1 | AE1: Fine_Giust_1 | AF1: Tipo_Giust_2 | AG1: Inizio_Giust_2 | AH1: Fine_Giust_2 | AI1: Tipo_Giust_3 | AJ1: Inizio_Giust_3 | AK1: Fine_Giust_3 | AL1: Tipo_Giust_4 | AM1: Inizio_Giust_4 | AN1: Fine_Giust_4 | AO1: Tipo_Giust_5 | AP1: Inizio_Giust_5 | AQ1: Fine_Giust_5 | AR1: Etichetta_Skill | AS1: Postazione
A2: Carmelino | B2: Albanese | C2: cf13 | D2: 45971 | E2: Part Time | F2: 0.5 | G2: 20 | H2: T19 | I2: =+_xlfn.XLOOKUP($H2,Turni!$A:$A,Turni!C:C) -> 10:15 | J2: =+_xlfn.XLOOKUP($H2,Turni!$A:$A,Turni!D:D) -> 14:15 | AR2: CMB | AS2: SMART
A3: Antonino | B3: Borsellino | C3: cf14 | D3: 45971 | E3: Part Time | F3: 0.5 | G3: 20 | H3: T65 | I3: =+_xlfn.XLOOKUP($H3,Turni!$A:$A,Turni!C:C) -> 16:00 | J3: =+_xlfn.XLOOKUP($H3,Turni!$A:$A,Turni!D:D) -> 20:00 | AR3: CMB | AS3: SMART
A4: Rosa | B4: Burgio | C4: cf21 | D4: 45971 | E4: Part Time | F4: 0.5 | G4: 20 | H4: T61 | I4: =+_xlfn.XLOOKUP($H4,Turni!$A:$A,Turni!C:C) -> 15:00 | J4: =+_xlfn.XLOOKUP($H4,Turni!$A:$A,Turni!D:D) -> 19:00 | AR4: CMB | AS4: SMART
A5: Davide | B5: Cannella | C5: cf23 | D5: 45971 | E5: Part Time | F5: 0.5 | G5: 20 | H5: T0 | I5: =+_xlfn.XLOOKUP($H5,Turni!$A:$A,Turni!C:C) -> 0 | J5: =+_xlfn.XLOOKUP($H5,Turni!$A:$A,Turni!D:D) -> 0 | AR5: CMB | AS5: SMART
A6: Giuseppe | B6: Cipolla | C6: cf26 | D6: 45971 | E6: Part Time | F6: 0.5 | G6: 20 | H6: T0 | I6: =+_xlfn.XLOOKUP($H6,Turni!$A:$A,Turni!C:C) -> 0 | J6: =+_xlfn.XLOOKUP($H6,Turni!$A:$A,Turni!D:D) -> 0 | AR6: CMB | AS6: SMART
A7: Dario | B7: Consentino | C7: cf30 | D7: 45971 | E7: Part Time | F7: 0.5 | G7: 20 | H7: T61 | I7: =+_xlfn.XLOOKUP($H7,Turni!$A:$A,Turni!C:C) -> 15:00 | J7: =+_xlfn.XLOOKUP($H7,Turni!$A:$A,Turni!D:D) -> 19:00 | AR7: CMB | AS7: SMART
A8: Armida | B8: D'acquisto | C8: cf34 | D8: 45971 | E8: Part Time | F8: 0.5 | G8: 20 | H8: T24 | I8: =+_xlfn.XLOOKUP($H8,Turni!$A:$A,Turni!C:C) -> 10:45 | J8: =+_xlfn.XLOOKUP($H8,Turni!$A:$A,Turni!D:D) -> 14:45 | AR8: CMB | AS8: SMART
A9: Rosa | B9: D'acquisto | C9: cf36 | D9: 45971 | E9: Part Time | F9: 0.5 | G9: 20 | H9: T19 | I9: =+_xlfn.XLOOKUP($H9,Turni!$A:$A,Turni!C:C) -> 10:15 | J9: =+_xlfn.XLOOKUP($H9,Turni!$A:$A,Turni!D:D) -> 14:15 | AR9: CMB | AS9: SMART
A10: Filippo | B10: Federico | C10: cf38 | D10: 45971 | E10: Part Time | F10: 0.5 | G10: 20 | H10: T64 | I10: =+_xlfn.XLOOKUP($H10,Turni!$A:$A,Turni!C:C) -> 15:45 | J10: =+_xlfn.XLOOKUP($H10,Turni!$A:$A,Turni!D:D) -> 19:45 | AR10: CMB | AS10: SMART
A11: Margherita | B11: Ferranti | C11: cf2 | D11: 45971 | E11: Part Time | F11: 0.5 | G11: 20 | H11: T61 | I11: =+_xlfn.XLOOKUP($H11,Turni!$A:$A,Turni!C:C) -> 15:00 | J11: =+_xlfn.XLOOKUP($H11,Turni!$A:$A,Turni!D:D) -> 19:00 | AR11: CMB | AS11: SMART
A12: Loredana | B12: Greco | C12: cf40 | D12: 45971 | E12: Part Time | F12: 0.5 | G12: 20 | H12: T61 | I12: =+_xlfn.XLOOKUP($H12,Turni!$A:$A,Turni!C:C) -> 15:00 | J12: =+_xlfn.XLOOKUP($H12,Turni!$A:$A,Turni!D:D) -> 19:00 | AR12: CMB | AS12: SMART
A13: Patrizia | B13: Gullo | C13: cf42 | D13: 45971 | E13: Part Time | F13: 0.5 | G13: 20 | H13: T61 | I13: =+_xlfn.XLOOKUP($H13,Turni!$A:$A,Turni!C:C) -> 15:00 | J13: =+_xlfn.XLOOKUP($H13,Turni!$A:$A,Turni!D:D) -> 19:00 | AR13: CMB | AS13: SMART
... A21: Valentina | B21: Sole | C21: cf8 | D21: 45971 | E21: Part Time | F21: 0.5 | G21: 20 | H21: T14 | I21: =+_xlfn.XLOOKUP($H21,Turni!$A:$A,Turni!C:C) -> 09:45 | J21: =+_xlfn.XLOOKUP($H21,Turni!$A:$A,Turni!D:D) -> 13:45 | AR21: CMB | AS21: SMART
A22: Carmelino | B22: Albanese | C22: cf13 | D22: =+D2+1 -> 45972 | E22: Part Time | F22: 0.5 | G22: 20 | H22: T0 | I22: =+_xlfn.XLOOKUP($H22,Turni!$A:$A,Turni!C:C) -> 0 | J22: =+_xlfn.XLOOKUP($H22,Turni!$A:$A,Turni!D:D) -> 0 | AR22: CMB | AS22: SMART
A23: Antonino | B23: Borsellino | C23: cf14 | D23: =+D3+1 -> 45972 | E23: Part Time | F23: 0.5 | G23: 20 | H23: T65 | I23: =+_xlfn.XLOOKUP($H23,Turni!$A:$A,Turni!C:C) -> 16:00 | J23: =+_xlfn.XLOOKUP($H23,Turni!$A:$A,Turni!D:D) -> 20:00 | AR23: CMB | AS23: SMART
A24: Rosa | B24: Burgio | C24: cf21 | D24: =+D4+1 -> 45972 | E24: Part Time | F24: 0.5 | G24: 20 | H24: T61 | I24: =+_xlfn.XLOOKUP($H24,Turni!$A:$A,Turni!C:C) -> 15:00 | J24: =+_xlfn.XLOOKUP($H24,Turni!$A:$A,Turni!D:D) -> 19:00 | AR24: CMB | AS24: SMART
A25: Davide | B25: Cannella | C25: cf23 | D25: =+D5+1 -> 45972 | E25: Part Time | F25: 0.5 | G25: 20 | H25: T14 | I25: =+_xlfn.XLOOKUP($H25,Turni!$A:$A,Turni!C:C) -> 09:45 | J25: =+_xlfn.XLOOKUP($H25,Turni!$A:$A,Turni!D:D) -> 13:45 | AR25: CMB | AS25: SMART
A26: Giuseppe | B26: Cipolla | C26: cf26 | D26: =+D6+1 -> 45972 | E26: Part Time | F26: 0.5 | G26: 20 | H26: T61 | I26: =+_xlfn.XLOOKUP($H26,Turni!$A:$A,Turni!C:C) -> 15:00 | J26: =+_xlfn.XLOOKUP($H26,Turni!$A:$A,Turni!D:D) -> 19:00 | AR26: CMB | AS26: SMART
A27: Dario | B27: Consentino | C27: cf30 | D27: =+D7+1 -> 45972 | E27: Part Time | F27: 0.5 | G27: 20 | H27: T76 | I27: =+_xlfn.XLOOKUP($H27,Turni!$A:$A,Turni!C:C) -> 16:15 | J27: =+_xlfn.XLOOKUP($H27,Turni!$A:$A,Turni!D:D) -> 20:15 | AR27: CMB | AS27: SMART
A28: Armida | B28: D'acquisto | C28: cf34 | D28: =+D8+1 -> 45972 | E28: Part Time | F28: 0.5 | G28: 20 | H28: T21 | I28: =+_xlfn.XLOOKUP($H28,Turni!$A:$A,Turni!C:C) -> 10:30 | J28: =+_xlfn.XLOOKUP($H28,Turni!$A:$A,Turni!D:D) -> 14:30 | AR28: CMB | AS28: SMART
A29: Rosa | B29: D'acquisto | C29: cf36 | D29: =+D9+1 -> 45972 | E29: Part Time | F29: 0.5 | G29: 20 | H29: T16 | I29: =+_xlfn.XLOOKUP($H29,Turni!$A:$A,Turni!C:C) -> 10:00 | J29: =+_xlfn.XLOOKUP($H29,Turni!$A:$A,Turni!D:D) -> 14:00 | AR29: CMB | AS29: SMART
A30: Filippo | B30: Federico | C30: cf38 | D30: =+D10+1 -> 45972 | E30: Part Time | F30: 0.5 | G30: 20 | H30: T0 | I30: =+_xlfn.XLOOKUP($H30,Turni!$A:$A,Turni!C:C) -> 0 | J30: =+_xlfn.XLOOKUP($H30,Turni!$A:$A,Turni!D:D) -> 0 | AR30: CMB | AS30: SMART
A31: Margherita | B31: Ferranti | C31: cf2 | D31: =+D11+1 -> 45972 | E31: Part Time | F31: 0.5 | G31: 20 | H31: T76 | I31: =+_xlfn.XLOOKUP($H31,Turni!$A:$A,Turni!C:C) -> 16:15 | J31: =+_xlfn.XLOOKUP($H31,Turni!$A:$A,Turni!D:D) -> 20:15 | AR31: CMB | AS31: SMART
A32: Loredana | B32: Greco | C32: cf40 | D32: =+D12+1 -> 45972 | E32: Part Time | F32: 0.5 | G32: 20 | H32: T61 | I32: =+_xlfn.XLOOKUP($H32,Turni!$A:$A,Turni!C:C) -> 15:00 | J32: =+_xlfn.XLOOKUP($H32,Turni!$A:$A,Turni!D:D) -> 19:00 | AR32: CMB | AS32: SMART
A33: Patrizia | B33: Gullo | C33: cf42 | D33: =+D13+1 -> 45972 | E33: Part Time | F33: 0.5 | G33: 20 | H33: T61 | I33: =+_xlfn.XLOOKUP($H33,Turni!$A:$A,Turni!C:C) -> 15:00 | J33: =+_xlfn.XLOOKUP($H33,Turni!$A:$A,Turni!D:D) -> 19:00 | AR33: CMB | AS33: SMART
... A141: Valentina | B141: Sole | C141: cf8 | D141: =+D121+1 -> 45977 | E141: Part Time | F141: 0.5 | G141: 20 | H141: T0 | I141: =+_xlfn.XLOOKUP($H141,Turni!$A:$A,Turni!C:C) -> 0 | J141: =+_xlfn.XLOOKUP($H141,Turni!$A:$A,Turni!D:D) -> 0 | AR141: CMB | AS141: SMART

Sheet Istruzioni
A4: Questo file contiene TUTTO il necessario per configurare Matrici:
A6: 📋 Sheet 1: SKILLS
A7: Elenco delle competenze/skill disponibili
A8: Es: CUSTOMER_CARE, BACK_OFFICE, TECHNICAL_SUPPORT
A10: 🕐 Sheet 2: TURNI
A11: Elenco dei turni standard (orari fissi)
A12: Es: T1 (09:00-18:00), T2 (14:00-22:00)
A14: 👥 Sheet 3: OPERATORI
A15: Dati completi degli operatori
A16: Include: anagrafica, turni, straordinari, pause, giustificativi, skill
A20: IMPORTANTE: Lo script importa automaticamente nell'ordine corretto:
A22: 1️⃣ SKILLS (prima)
... A149: ✅ Tutto corretto!
